Name|System|WikiLink|WikiSection
Cervical vertebrae|Muscular system|Cervical vertebrae|
Thoracic vertebrae|Muscular system|Thoracic vertebrae|
Lumbar vertebrae|Muscular system|Lumbar vertebrae|
Sacrum|Muscular system|Sacrum|
Coccyx|Muscular system|Coccyx|
Hyoid bone|Muscular system|Hyoid bone|
Sternum|Muscular system|Sternum|
Rib cage|Muscular system|Rib cage|
Cervical rib|Muscular system|Cervical rib|
Cranial bones|Muscular system|Skull|Humans
Occipital bone|Muscular system|Occipital bone|
Parietal bone|Muscular system|Parietal bone|
Frontal bone|Muscular system|Frontal bone|
Temporal bone|Muscular system|Temporal bone|
Sphenoid bone|Muscular system|Sphenoid bone|
Ethmoid bone|Muscular system|Ethmoid bone|
Facial skeleton|Muscular system|Facial skeleton|
Nasal bone|Muscular system|Nasal bone|
Maxilla|Muscular system|Maxilla|
Lacrimal bone|Muscular system|Lacrimal bone|
Zygomatic bone|Muscular system|Zygomatic bone|
Palatine bone|Muscular system|Palatine bone|
Inferior nasal concha|Muscular system|Inferior nasal concha|
Vomer|Muscular system|Vomer|
Mandible|Muscular system|Mandible|
Middle ear|Muscular system|Middle ear|
Malleus|Muscular system|Malleus|
Incus|Muscular system|Incus|
Stapes|Muscular system|Stapes|
Humerus|Muscular system|Humerus|
Shoulder girdle|Muscular system|Shoulder girdle|
Scapula|Muscular system|Scapula|
Clavicle|Muscular system|Clavicle|
Ulna|Muscular system|Ulna|
Radius (Bone)|Muscular system|Radius (bone)|
Hand|Muscular system|Hand|
Carpal bones|Muscular system|Carpal bones|
Scaphoid bone|Muscular system|Scaphoid bone|
Lunate bone|Muscular system|Lunate bone|
Triquetral bone|Muscular system|Triquetral bone|
Pisiform bone|Muscular system|Pisiform bone|
Trapezium (Bone)|Muscular system|Trapezium (bone)|
Trapezoid bone|Muscular system|Trapezoid bone|
Capitate bone|Muscular system|Capitate bone|
Hamate bone|Muscular system|Hamate bone|
Metacarpal bones|Muscular system|Metacarpal bones|
Phalanx bone|Muscular system|Phalanx bone|
Pelvis|Muscular system|Pelvis|
Hip bone|Muscular system|Hip bone|
Ilium (Bone)|Muscular system|Ilium (bone)|
Ischium|Muscular system|Ischium|
Pubis (Bone)|Muscular system|Pubis (bone)|
Femur|Muscular system|Femur|
Patella|Muscular system|Patella|
Tibia|Muscular system|Tibia|
Fibula|Muscular system|Fibula|
Foot|Muscular system|Foot|
Tarsus (Skeleton)|Muscular system|Tarsus (skeleton)|
Calcaneus|Muscular system|Calcaneus|
Talus bone|Muscular system|Talus bone|
Navicular bone|Muscular system|Navicular bone|
Cuneiform bones|Muscular system|Cuneiform bones|
Cuboid bone|Muscular system|Cuboid bone|
Metatarsal bones|Muscular system|Metatarsal bones|
Occipitofrontalis muscle|Muscular system|Occipitofrontalis muscle|
Occipitalis muscle|Muscular system|Occipitalis muscle|
Frontalis muscle|Muscular system|Frontalis muscle|
Orbicularis oculi muscle|Muscular system|Orbicularis oculi muscle|
Corrugator supercilii muscle|Muscular system|Corrugator supercilii muscle|
Depressor supercilii muscle|Muscular system|Depressor supercilii muscle|
Levator palpebrae superioris muscle|Muscular system|Levator palpebrae superioris muscle|
Superior tarsal muscle|Muscular system|Superior tarsal muscle|
Superior rectus muscle|Muscular system|Superior rectus muscle|
Inferior rectus muscle|Muscular system|Inferior rectus muscle|
Medial rectus muscle|Muscular system|Medial rectus muscle|
Lateral rectus muscle|Muscular system|Lateral rectus muscle|
Superior oblique muscle|Muscular system|Superior oblique muscle|
Inferior oblique muscle|Muscular system|Inferior oblique muscle|
Temporoparietalis muscle|Muscular system|Temporoparietalis muscle|
Auriculares anterior muscle|Muscular system|Anterior auricular muscle|
Auriculares superior muscle|Muscular system|Superior auricular muscle|
Auriculares posterior muscle|Muscular system|Posterior auricular muscle|
Stapedius muscle|Muscular system|Stapedius muscle|
Tensor tympani muscle|Muscular system|Tensor tympani muscle|
Procerus muscle|Muscular system|Procerus muscle|
Depressor septi nasi muscle|Muscular system|Depressor septi nasi muscle|
Levator labii superioris alaeque nasi muscle|Muscular system|Levator labii superioris alaeque nasi muscle|
Nasalis muscle|Muscular system|Nasalis muscle|
Levator anguli oris muscle|Muscular system|Levator anguli oris|
Depressor anguli oris muscle|Muscular system|Depressor anguli oris muscle|
Levator labii superioris muscle|Muscular system|Levator labii superioris|
Depressor labii inferioris muscle|Muscular system|Depressor labii inferioris muscle|
Mentalis muscle|Muscular system|Mentalis|
Buccinator muscle|Muscular system|Buccinator muscle|
Orbicularis oris muscle|Muscular system|Orbicularis oris muscle|
Risorius muscle|Muscular system|Risorius|
Zygomaticus major muscle|Muscular system|Zygomaticus major muscle|
Zygomaticus minor muscle|Muscular system|Zygomaticus minor muscle|
Masseter muscle|Muscular system|Masseter muscle|
Temporalis muscle|Muscular system|Temporal muscle|
Lateral pterygoid muscle|Muscular system|Lateral pterygoid muscle|
Medial pterygoid muscle|Muscular system|Medial pterygoid muscle|
Genioglossus muscle|Muscular system|Genioglossus|
Hyoglossus muscle|Muscular system|Hyoglossus|
Chondroglossus muscle|Muscular system|Chondroglossus|
Styloglossus muscle|Muscular system|Styloglossus|
Palatoglossus muscle|Muscular system|Palatoglossus muscle|
Superior longitudinal muscle|Muscular system|Superior longitudinal muscle of tongue|
Transverse muscle of tongue|Muscular system|Transverse muscle of tongue|
Inferior longitudinal muscle of tongue|Muscular system|Inferior longitudinal muscle of tongue|
Verticalis muscle|Muscular system|Vertical muscle of tongue|
Levator veli palatini muscle|Muscular system|Levator veli palatini|
Tensor veli palatini muscle|Muscular system|Tensor veli palatini muscle|
Musculus uvulae muscle|Muscular system|Palatine uvula|Muscle
Palatopharyngeus muscle|Muscular system|Palatopharyngeus muscle|
Stylopharyngeus muscle|Muscular system|Stylopharyngeus muscle|
Salpingopharyngeus muscle|Muscular system|Salpingopharyngeus muscle|
Inferior pharyngeal constrictor muscle|Muscular system|Inferior pharyngeal constrictor muscle|
Middle pharyngeal constrictor muscle|Muscular system|Middle pharyngeal constrictor muscle|
Superior pharyngeal constrictor muscle|Muscular system|Superior pharyngeal constrictor muscle|
Cricothyroid muscle|Muscular system|Cricothyroid muscle|
Arytenoid muscle|Muscular system|Arytenoid muscle|
Thyroarytenoid muscle|Muscular system|Thyroarytenoid muscle|
Posterior cricoarytenoid muscles|Muscular system|Posterior cricoarytenoid muscle|
Lateral cricoarytenoid muscles|Muscular system|Lateral cricoarytenoid muscle|
Platysma muscle|Muscular system|Platysma muscle|
Sternocleidomastoid muscle|Muscular system|Sternocleidomastoid muscle|
Digastric muscle|Muscular system|Digastric muscle|
Stylohyoid muscle|Muscular system|Stylohyoid muscle|
Mylohyoid muscle|Muscular system|Mylohyoid muscle|
Geniohyoid muscle|Muscular system|Geniohyoid muscle|
Sternohyoid muscle|Muscular system|Sternohyoid muscle|
Sternothyroid muscle|Muscular system|Sternothyroid muscle|
Thyrohyoid muscle|Muscular system|Thyrohyoid muscle|
Omohyoid muscle|Muscular system|Omohyoid muscle|
Longus colli muscle|Muscular system|Longus colli muscle|
Longus capitis muscle|Muscular system|Longus capitis muscle|
Rectus capitis anterior muscle|Muscular system|Rectus capitis anterior muscle|
Rectus capitis lateralis muscle|Muscular system|Rectus capitis lateralis muscle|
Scalene muscles|Muscular system|Scalene muscles|
Levator scapulae muscle|Muscular system|Levator scapulae muscle|
Obliquus capitis superior muscle|Muscular system|Obliquus capitis superior muscle|
Obliquus capitis inferior muscle|Muscular system|Obliquus capitis inferior muscle|
Rectus capitis posterior minor muscle|Muscular system|Rectus capitis posterior minor muscle|
Rectus capitis posterior major muscle|Muscular system|Rectus capitis posterior major muscle|
Semispinalis muscles|Muscular system|Semispinalis muscles|
Splenius capitis|Muscular system|Splenius capitis muscle|
Erector spinae muscles|Muscular system|Erector spinae muscles|
Iliocostalis muscle|Muscular system|Iliocostalis|
Longissimus muscle|Muscular system|Longissimus|
Spinalis muscle|Muscular system|Spinalis|
Latissimus dorsi muscle|Muscular system|Latissimus dorsi muscle|
Transversospinales muscles|Muscular system|Transversospinales|
Multifidus muscle|Muscular system|Multifidus muscle|
Rotatores muscles|Muscular system|Rotatores muscles|
Interspinales muscles|Muscular system|Interspinales muscles|
Intertransversarii muscles|Muscular system|Intertransversarii|
Splenius muscles|Muscular system|Splenius muscles|
Splenius cervicis muscle|Muscular system|Splenius cervicis muscle|
Intercostal muscles|Muscular system|Intercostal muscle|
External intercostal muscles|Muscular system|External intercostal muscles|
Internal intercostal muscles|Muscular system|Internal intercostal muscles|
Innermost intercostal muscle|Muscular system|Innermost intercostal muscle|
Subcostales muscles|Muscular system|Subcostalis muscle|
Transversus thoracis muscle|Muscular system|Transversus thoracis muscle|
Levatores costarum muscles|Muscular system|Levatores costarum muscles|
Serratus posterior interior muscle|Muscular system|Serratus posterior inferior muscle|
Serratus posterior superior muscle|Muscular system|Serratus posterior superior muscle|
Diaphragm muscle|Muscular system|Thoracic diaphragm|
Transversus abdominis muscle|Muscular system|Transverse abdominal muscle|
Rectus abdominis muscle|Muscular system|Rectus abdominis muscle|
Pyramidalis muscle|Muscular system|Pyramidalis muscle|
Cremaster muscle|Muscular system|Cremaster muscle|
Quadratus lumborum muscle|Muscular system|Quadratus lumborum muscle|
Abdominal external oblique muscle|Muscular system|Abdominal external oblique muscle|
Abdominal internal oblique muscle|Muscular system|Abdominal internal oblique muscle|
Coccygeus muscle|Muscular system|Coccygeus muscle|
Levator ani muscle|Muscular system|Levator ani|
External anal sphincter muscle|Muscular system|External anal sphincter|
Internal anal sphincter muscle|Muscular system|Internal anal sphincter|
Superficial perineal pouch muscles|Muscular system|Superficial perineal pouch|
Transverse perineal muscles|Muscular system|Transverse perineal muscles|
Bulbospongiosus muscle|Muscular system|Bulbospongiosus muscle|
Ischiocavernosus muscle|Muscular system|Ischiocavernosus muscle|
Deep perineal pouch muscles|Muscular system|Deep perineal pouch|
Urethral sphincter muscles|Muscular system|Urethral sphincters|
Trapezius muscle|Muscular system|Trapezius|
Rhomboid muscles|Muscular system|Rhomboid muscles|
Rhomboid major muscle|Muscular system|Rhomboid major muscle|
Rhomboid minor muscle|Muscular system|Rhomboid minor muscle|
Pectoralis major muscle|Muscular system|Pectoralis major|
Pectoralis minor muscle|Muscular system|Pectoralis minor|
Subclavius muscle|Muscular system|Subclavius muscle|
Serratus anterior muscle|Muscular system|Serratus anterior muscle|
Deltoid muscle|Muscular system|Deltoid muscle|
Teres major muscle|Muscular system|Teres major muscle|
Rotator cuff muscles|Muscular system|Rotator cuff|
Supraspinatus muscle|Muscular system|Supraspinatus muscle|
Infraspinatus muscle|Muscular system|Infraspinatus muscle|
Teres minor muscle|Muscular system|Teres minor muscle|
Subscapularis muscle|Muscular system|Subscapularis muscle|
Coracobrachialis muscle|Muscular system|Coracobrachialis muscle|
Biceps muscle|Muscular system|Biceps|
Brachialis muscle|Muscular system|Brachialis muscle|
Triceps muscle|Muscular system|Triceps|
Anconeus muscle|Muscular system|Anconeus muscle|
Pronator teres muscle|Muscular system|Pronator teres muscle|
Flexor carpi radialis muscle|Muscular system|Flexor carpi radialis muscle|
Palmaris longus muscle|Muscular system|Palmaris longus muscle|
Flexor carpi ulnaris muscle|Muscular system|Flexor carpi ulnaris muscle|
Flexor digitorum superficialis muscle|Muscular system|Flexor digitorum superficialis muscle|
Pronator quadratus muscle|Muscular system|Pronator quadratus muscle|
Flexor digitorum profundus muscle|Muscular system|Flexor digitorum profundus muscle|
Flexor pollicis longus muscle|Muscular system|Flexor pollicis longus muscle|
Extensor digitorum muscle|Muscular system|Extensor digitorum muscle|
Extensor digiti minimi muscle|Muscular system|Extensor digiti minimi muscle|
Extensor carpi ulnaris muscle|Muscular system|Extensor carpi ulnaris muscle|
Mobile wad muscles|Muscular system|Mobile wad|
Brachioradialis muscle|Muscular system|Brachioradialis|
Extensor carpi radialis longus muscle|Muscular system|Extensor carpi radialis longus muscle|
Extensor carpi radialis brevis muscle|Muscular system|Extensor carpi radialis brevis muscle|
Supinator muscle|Muscular system|Supinator muscle|
Extensor indicis muscle|Muscular system|Extensor indicis muscle|
Anatomical snuffbox muscles|Muscular system|Anatomical snuffbox|
Abductor pollicis longus muscle|Muscular system|Abductor pollicis longus muscle|
Extensor pollicis brevis muscle|Muscular system|Extensor pollicis brevis muscle|
Extensor pollicis longus muscle|Muscular system|Extensor pollicis longus muscle|
Opponens pollicis muscle|Muscular system|Opponens pollicis muscle|
Flexor pollicis brevis muscle|Muscular system|Flexor pollicis brevis muscle|
Abductor pollicis brevis muscle|Muscular system|Abductor pollicis brevis muscle|
Adductor pollicis muscle|Muscular system|Adductor pollicis muscle|
Palmaris brevis muscle|Muscular system|Palmaris brevis muscle|
Hypothenar muscles|Muscular system|Hypothenar eminence|
Abductor digiti minimi muscle of the hand|Muscular system|Abductor digiti minimi muscle of hand|
Flexor digiti minimi brevis muscle of the hand|Muscular system|Flexor digiti minimi brevis muscle (hand)|
Opponens digiti minimi muscle of the hand|Muscular system|Opponens digiti minimi muscle of hand|
Lumbrical muscles of the hand|Muscular system|Lumbricals of the hand|
Dorsal interossei muscles of the hand|Muscular system|Dorsal interossei of the hand|
Palmar interossei muscles|Muscular system|Palmar interossei muscles|
Iliopsoas muscles|Muscular system|Iliopsoas|
Psoas major muscle|Muscular system|Psoas major muscle|
Psoas minor muscle|Muscular system|Psoas minor muscle|
Iliacus muscle|Muscular system|Iliacus muscle|
Tensor fasciae latae muscle|Muscular system|Tensor fasciae latae muscle|
Gluteal muscles|Muscular system|Gluteal muscles|
Gluteus maximus muscle|Muscular system|Gluteus maximus|
Gluteus medius muscle|Muscular system|Gluteus medius|
Gluteus minimus muscle|Muscular system|Gluteus minimus|
Lateral rotator muscles|Muscular system|Lateral rotator group|
Piriformis muscle|Muscular system|Piriformis muscle|
Obturator externus muscle|Muscular system|External obturator muscle|
Obturator internus muscle|Muscular system|Internal obturator muscle|
Gemelli muscles|Muscular system|Gemelli muscles|
Quadratus femoris muscle|Muscular system|Quadratus femoris muscle|
Articularis genus muscle|Muscular system|Articularis genus muscle|
Sartorius muscle|Muscular system|Sartorius muscle|
Quadriceps femoris muscles|Muscular system|Quadriceps femoris muscle|
Rectus femoris muscle|Muscular system|Rectus femoris muscle|
Vastus lateralis muscle|Muscular system|Vastus lateralis muscle|
Vastus intermedius muscle|Muscular system|Vastus intermedius muscle|
Vastus medialis muscle|Muscular system|Vastus medialis|
Biceps femoris muscle|Muscular system|Biceps femoris muscle|
Semitendinosus muscle|Muscular system|Semitendinosus muscle|
Semimembranosus muscle|Muscular system|Semimembranosus muscle|
Adductor muscles of the hip|Muscular system|Adductor muscles of the hip|
Gracilis muscle|Muscular system|Gracilis muscle|
Pectineus muscle|Muscular system|Pectineus muscle|
Adductor brevis muscle|Muscular system|Adductor brevis muscle|
Adductor longus muscle|Muscular system|Adductor longus muscle|
Adductor magnus muscle|Muscular system|Adductor magnus muscle|
Tibialis anterior muscle|Muscular system|Tibialis anterior muscle|
Extensor hallucis longus muscle|Muscular system|Extensor hallucis longus muscle|
Extensor digitorum longus muscle|Muscular system|Extensor digitorum longus muscle|
Fibularis tertius|Muscular system|Peroneus tertius|
Triceps surae muscles|Muscular system|Triceps surae muscle|
Gastrocnemius muscle|Muscular system|Gastrocnemius muscle|
Soleus muscle|Muscular system|Soleus muscle|
Plantaris muscle|Muscular system|Plantaris muscle|
Popliteus muscle|Muscular system|Popliteus muscle|
Tarsal tunnel muscles|Muscular system|Tarsal tunnel|
Flexor hallucis longus muscle|Muscular system|Flexor hallucis longus muscle|
Flexor digitorum longus muscle|Muscular system|Flexor digitorum longus muscle|
Tibialis posterior muscle|Muscular system|Tibialis posterior muscle|
Peroneus muscles|Muscular system|Peroneus muscles|
Peroneus longus muscle|Muscular system|Peroneus longus|
Peroneus brevis muscle|Muscular system|Peroneus brevis|
Extensor digitorum brevis muscle|Muscular system|Extensor digitorum brevis muscle|
Extensor hallucis brevis muscle|Muscular system|Extensor hallucis brevis muscle|
Dorsal interossei muscles of the foot|Muscular system|Dorsal interossei of the foot|
Abductor hallucis muscle|Muscular system|Abductor hallucis muscle|
Flexor digitorum brevis muscle|Muscular system|Flexor digitorum brevis muscle|
Abductor digiti minimi muscle of the foot|Muscular system|Abductor digiti minimi muscle of foot|
Quadratus plantae muscle|Muscular system|Quadratus plantae muscle|
Lumbrical muscles of the foot|Muscular system|Lumbricals of the foot|
Flexor hallucis brevis muscle|Muscular system|Flexor hallucis brevis muscle|
Adductor hallucis muscle|Muscular system|Adductor hallucis muscle|
Flexor digiti minimi brevis muscle of the foot|Muscular system|Flexor digiti minimi brevis muscle (foot)|
Plantar interossei muscles|Muscular system|Plantar interossei muscles|
Humanskeleton|Muscular system|Human skeleton|
Joint|Muscular system|Joint|
Ligament|Muscular system|Ligament|
Tendons|Muscular system|Tendon|
Human mouth|Digestive system|Human mouth|
Human tooth|Digestive system|Human tooth|
Tongue|Digestive system|Tongue|
Salivary gland|Digestive system|Salivary gland|
Parotid gland|Digestive system|Parotid gland|
Submandibular gland|Digestive system|Submandibular gland|
Sublingual gland|Digestive system|Sublingual gland|
Pharynx|Digestive system|Pharynx|
Esophagus|Digestive system|Esophagus|
Stomach|Digestive system|Stomach|
Small intestine|Digestive system|Small intestine|
Duodenum|Digestive system|Duodenum|
Jejunum|Digestive system|Jejunum|
Ileum|Digestive system|Ileum|
Large intestine|Digestive system|Large intestine|
Liver|Digestive system|Liver|
Gallbladder|Digestive system|Gallbladder|
Mesentery|Digestive system|Mesentery|
Pancreas|Digestive system|Pancreas|
Anus|Digestive system|Anus|
Kidney|Urinary system|Kidney|
Ureter|Urinary system|Ureter|
Urinary bladder|Urinary system|Urinary bladder|
Urethra|Urinary system|Urethra|
Ovary|Reproductive organs|Ovary|
Fallopian tube|Reproductive organs|Fallopian tube|
Uterus|Reproductive organs|Uterus|
Vagina|Reproductive organs|Vagina|
Vulva|Reproductive organs|Vulva|
Clitoris|Reproductive organs|Clitoris|
Placenta|Reproductive organs|Placenta|
Testicle|Reproductive organs|Testicle|
Epididymis|Reproductive organs|Epididymis|
Vas deferens|Reproductive organs|Vas deferens|
Seminal vesicles|Reproductive organs|Seminal vesicles|
Prostate|Reproductive organs|Prostate|
Bulbourethral gland|Reproductive organs|Bulbourethral gland|
Human penis|Reproductive organs|Human penis|
Scrotum|Reproductive organs|Scrotum|
Pituitary gland|Endocrine system|Pituitary gland|
Pineal gland|Endocrine system|Pineal gland|
Thyroid|Endocrine system|Thyroid|
Parathyroid gland|Endocrine system|Parathyroid gland|
Adrenal gland|Endocrine system|Adrenal gland|
Veins|Circulatory system|Vein|
External jugular vein|Circulatory system|External jugular vein|
Retromandibular vein|Circulatory system|Retromandibular vein|
Maxillary vein|Circulatory system|Maxillary veins|
Pterygoid plexus|Circulatory system|Pterygoid plexus|
Superficial temporal vein|Circulatory system|Superficial temporal vein|
Anterior auricular veins|Circulatory system|Anterior auricular veins|
Posterior auricular vein|Circulatory system|Posterior auricular vein|
Transverse cervical veins|Circulatory system|Transverse cervical veins|
Suprascapular vein|Circulatory system|Suprascapular vein|
Anterior jugular vein|Circulatory system|Anterior jugular vein|
Internal jugular vein|Circulatory system|Internal jugular vein|
Diploic veins|Circulatory system|Diploic veins|
Cerebral veins|Circulatory system|Cerebral veins|
Superficial cerebral veins|Circulatory system|Superficial cerebral veins|
Superior cerebral veins|Circulatory system|Superior cerebral veins|
Middle cerebral veins|Circulatory system|Middle cerebral veins|
Inferior cerebral veins|Circulatory system|Inferior cerebral veins|
Inferior anastomotic vein|Circulatory system|Inferior anastomotic vein|
Superior anastomotic vein|Circulatory system|Superior anastomotic vein|
Deep cerebral veins|Circulatory system|Deep cerebral veins|
Great cerebral vein|Circulatory system|Great cerebral vein|
Internal cerebral veins|Circulatory system|Internal cerebral veins|
Basal vein|Circulatory system|Basal vein|
Superior thalamostriate vein|Circulatory system|Superior thalamostriate vein|
Cerebellar veins|Circulatory system|Cerebellar veins|
Dural venous sinuses|Circulatory system|Dural venous sinuses|
Superior sagittal sinus|Circulatory system|Superior sagittal sinus|
Straight sinus|Circulatory system|Straight sinus|
Inferior sagittal sinus|Circulatory system|Inferior sagittal sinus|
Occipital sinus|Circulatory system|Occipital sinus|
Confluence of sinuses|Circulatory system|Confluence of sinuses|
Cavernous sinus|Circulatory system|Cavernous sinus|
Sphenoparietal sinus|Circulatory system|Sphenoparietal sinus|
Intercavernous sinuses|Circulatory system|Intercavernous sinuses|
Superior ophthalmic vein|Circulatory system|Superior ophthalmic vein|
Ethmoidal veins|Circulatory system|Ethmoidal veins|
Central retinal vein|Circulatory system|Central retinal vein|
Nasofrontal vein|Circulatory system|Nasofrontal vein|
Vorticose veins|Circulatory system|Vorticose veins|
Inferior ophthalmic vein|Circulatory system|Inferior ophthalmic vein|
Sigmoid sinus|Circulatory system|Sigmoid sinus|
Transverse sinuses|Circulatory system|Transverse sinuses|
Petrosquamous sinus|Circulatory system|Petrosquamous sinus|
Superior petrosal sinus|Circulatory system|Superior petrosal sinus|
Inferior petrosal sinus|Circulatory system|Inferior petrosal sinus|
Jugular venous arch|Circulatory system|Jugular venous arch|
Basilar plexus|Circulatory system|Basilar plexus|
Internal auditory veins|Circulatory system|Internal auditory veins|
Condylar emissary vein|Circulatory system|Condylar emissary vein|
Facial vein|Circulatory system|Facial vein|
Frontal vein|Circulatory system|Frontal vein|
Supraorbital vein|Circulatory system|Supraorbital vein|
Angular vein|Circulatory system|Angular vein|
Superior labial vein|Circulatory system|Superior labial vein|
Inferior labial vein|Circulatory system|Inferior labial vein|
Deep facial vein|Circulatory system|Deep facial vein|
Lingual veins|Circulatory system|Lingual veins|
Dorsal lingual veins|Circulatory system|Dorsal lingual veins|
Deep lingual vein|Circulatory system|Deep lingual vein|
Sublingual vein|Circulatory system|Sublingual vein|
Pharyngeal veins|Circulatory system|Pharyngeal veins|
Superior thyroid vein|Circulatory system|Superior thyroid vein|
Superior laryngeal vein|Circulatory system|Superior laryngeal vein|
Middle thyroid vein|Circulatory system|Middle thyroid vein|
Brachiocephalic vein|Circulatory system|Brachiocephalic vein|
Vertebral vein|Circulatory system|Vertebral vein|
Occipital vein|Circulatory system|Occipital vein|
Occipital emissary vein|Circulatory system|Occipital emissary vein|
Suboccipital venous plexus|Circulatory system|Suboccipital venous plexus|
Deep cervical vein|Circulatory system|Deep cervical vein|
Inferior thyroid veins|Circulatory system|Inferior thyroid veins|
Inferior laryngeal vein|Circulatory system|Inferior laryngeal vein|
Thymic veins|Circulatory system|Thymic veins|
Coronary sinus|Circulatory system|Coronary sinus|
Great cardiac vein|Circulatory system|Great cardiac vein|
Left marginal vein|Circulatory system|Left marginal vein|
Posterior vein of the left ventricle|Circulatory system|Posterior vein of the left ventricle|
Oblique vein of the left atrium|Circulatory system|Oblique vein of the left atrium|
Fold of left vena cava|Circulatory system|Fold of left vena cava|
Middle cardiac vein|Circulatory system|Middle cardiac vein|
Small cardiac vein|Circulatory system|Small cardiac vein|
Anterior cardiac veins|Circulatory system|Anterior cardiac veins|
Right marginal vein|Circulatory system|Right marginal vein|
Pulmonary vein|Circulatory system|Pulmonary vein|
Superior vena cava|Circulatory system|Superior vena cava|
Internal thoracic vein|Circulatory system|Internal thoracic vein|
Anterior intercostal veins|Circulatory system|Anterior intercostal veins|
Superior epigastric vein|Circulatory system|Superior epigastric vein|
Superior intercostal vein|Circulatory system|Superior intercostal vein|
Supreme intercostal vein|Circulatory system|Supreme intercostal vein|
Subclavian vein|Circulatory system|Subclavian vein|
Axillary vein|Circulatory system|Axillary vein|
Lateral thoracic vein|Circulatory system|Lateral thoracic vein|
Thoracoepigastric vein|Circulatory system|Thoracoepigastric vein|
Dorsal scapular vein|Circulatory system|Dorsal scapular vein|
Pericardiacophrenic veins|Circulatory system|Pericardiacophrenic veins|
Azygos vein|Circulatory system|Azygos vein|
Bronchial veins|Circulatory system|Bronchial veins|
Intercostal veins|Circulatory system|Intercostal veins|
Posterior intercostal veins|Circulatory system|Posterior intercostal veins|
Accessory hemiazygos vein|Circulatory system|Accessory hemiazygos vein|
Hemiazygos vein|Circulatory system|Hemiazygos vein|
Superior phrenic vein|Circulatory system|Superior phrenic vein|
External vertebral venous plexuses|Circulatory system|External vertebral venous plexuses|
Internal vertebral venous plexuses|Circulatory system|Internal vertebral venous plexuses|
Spinal veins|Circulatory system|Spinal veins|
Sosterior spinal veins|Circulatory system|Posterior spinal veins|
Anterior spinal veins|Circulatory system|Anterior spinal veins|
Basivertebral veins|Circulatory system|Basivertebral veins|
Intervertebral veins|Circulatory system|Intervertebral veins|
Inferior vena cava|Circulatory system|Inferior vena cava|
Ascending lumbar vein|Circulatory system|Ascending lumbar vein|
Subcostal vein|Circulatory system|Subcostal vein|
Inferior phrenic vein|Circulatory system|Inferior phrenic vein|
Hepatic veins|Circulatory system|Hepatic veins|
Central veins of liver|Circulatory system|Central veins of liver|
Liver sinusoid|Circulatory system|Liver sinusoid|
Suprarenal veins|Circulatory system|Suprarenal veins|
Renal vein|Circulatory system|Renal vein|
Gonadal vein|Circulatory system|Gonadal vein|
Ovarian vein|Circulatory system|Ovarian vein|
Testicular vein|Circulatory system|Testicular vein|
Pampiniform plexus|Circulatory system|Pampiniform plexus|
Lumbar veins|Circulatory system|Lumbar veins|
Common iliac vein|Circulatory system|Common iliac vein|
Internal iliac vein|Circulatory system|Internal iliac vein|
Median sacral vein|Circulatory system|Median sacral vein|
Iliolumbar vein|Circulatory system|Iliolumbar vein|
Superior gluteal veins|Circulatory system|Superior gluteal veins|
Lateral sacral veins|Circulatory system|Lateral sacral veins|
Inferior gluteal veins|Circulatory system|Inferior gluteal veins|
Obturator veins|Circulatory system|Obturator veins|
Uterine veins|Circulatory system|Uterine veins|
Uterine venous plexus|Circulatory system|Uterine venous plexus|
Vesical veins|Circulatory system|Vesical veins|
Vesical venous plexus|Circulatory system|Vesical venous plexus|
Prostatic venous plexus|Circulatory system|Prostatic venous plexus|
Dorsal veins of the penis|Circulatory system|Dorsal veins of the penis|
Deep dorsal vein of clitoris|Circulatory system|Deep dorsal vein of clitoris|
Posterior scrotal veins|Circulatory system|Posterior scrotal veins|
Posterior labial veins|Circulatory system|Posterior labial veins|
Vaginal venous plexus|Circulatory system|Vaginal venous plexus|
Middle rectal veins|Circulatory system|Middle rectal veins|
Internal pudendal veins|Circulatory system|Internal pudendal veins|
Inferior rectal veins|Circulatory system|Inferior rectal veins|
Vein of bulb of penis|Circulatory system|Vein of bulb of penis|
Rectal venous plexus|Circulatory system|Rectal venous plexus|
External iliac veins|Circulatory system|External iliac vein|
Inferior epigastric vein|Circulatory system|Inferior epigastric vein|
Deep circumflex iliac vein|Circulatory system|Deep circumflex iliac vein|
Portal vein|Circulatory system|Portal vein|
Hepatic portal system|Circulatory system|Hepatic portal system|
Systemic venous system|Circulatory system|Systemic venous system|
Splenic vein|Circulatory system|Splenic vein|
Short gastric veins|Circulatory system|Short gastric veins|
Left gastroepiploic vein|Circulatory system|Left gastroepiploic vein|
Pancreatic veins|Circulatory system|Pancreatic veins|
Inferior mesenteric vein|Circulatory system|Inferior mesenteric vein|
Superior rectal vein|Circulatory system|Superior rectal vein|
Left colic vein|Circulatory system|Left colic vein|
Superior mesenteric vein|Circulatory system|Superior mesenteric vein|
Right gastroepiploic vein|Circulatory system|Right gastroepiploic vein|
Pancreaticoduodenal veins|Circulatory system|Pancreaticoduodenal veins|
Jejunal veins|Circulatory system|Jejunal veins|
Ileal veins|Circulatory system|Ileal veins|
Middle colic vein|Circulatory system|Middle colic vein|
Right colic vein|Circulatory system|Right colic vein|
Ileocolic vein|Circulatory system|Ileocolic vein|
Appendicular vein|Circulatory system|Appendicular vein|
Cystic vein|Circulatory system|Cystic vein|
Left gastric vein|Circulatory system|Left gastric vein|
Esophageal veins|Circulatory system|Esophageal veins|
Right gastric vein|Circulatory system|Right gastric vein|
Paraumbilical vein|Circulatory system|Paraumbilical vein|
Cephalic vein|Circulatory system|Cephalic vein|
Accessory cephalic vein|Circulatory system|Accessory cephalic vein|
Median cubital vein|Circulatory system|Median cubital vein|
Basilic vein|Circulatory system|Basilic vein|
Median antebrachial vein|Circulatory system|Median antebrachial vein|
Dorsal venous network of hand|Circulatory system|Dorsal venous network of hand|
Intercapitular veins of the hand|Circulatory system|Intercapitular veins of the hand|
Dorsal metacarpal veins|Circulatory system|Dorsal metacarpal veins|
Superficial palmar venous arch|Circulatory system|Superficial palmar venous arch|
Palmar digital veins|Circulatory system|Palmar digital veins|
Radial veins|Circulatory system|Radial veins|
Ulnar veins|Circulatory system|Ulnar veins|
Brachial veins|Circulatory system|Brachial veins|
Deep palmar venous arch|Circulatory system|Deep palmar venous arch|
Palmar metacarpal veins|Circulatory system|Palmar metacarpal veins|
Femoral vein|Circulatory system|Femoral vein|
Deep vein of the thigh|Circulatory system|Deep vein of the thigh|
Popliteal vein|Circulatory system|Popliteal vein|
Fibular veins|Circulatory system|Fibular veins|
Anterior tibial vein|Circulatory system|Anterior tibial vein|
Posterior tibial vein|Circulatory system|Posterior tibial vein|
Small saphenous vein|Circulatory system|Small saphenous vein|
Great saphenous vein|Circulatory system|Great saphenous vein|
External pudendal veins|Circulatory system|External pudendal veins|
Superficial dorsal veins of clitoris|Circulatory system|Superficial dorsal veins of clitoris|
Dorsal venous arch of the foot|Circulatory system|Dorsal venous arch of the foot|
Dorsal metatarsal veins|Circulatory system|Dorsal metatarsal veins|
Dorsal digital veins of the foot|Circulatory system|Dorsal digital veins of the foot|
Plantar venous arch|Circulatory system|Plantar venous arch|
Plantar metatarsal veins|Circulatory system|Plantar metatarsal veins|
Common digital veins|Circulatory system|Common digital veins|
Plantar digital veins|Circulatory system|Plantar digital veins|
Aorta|Circulatory system|Aorta|
Common carotid artery|Circulatory system|Common carotid artery|
External carotid artery|Circulatory system|External carotid artery|
Internal carotid artery|Circulatory system|Internal carotid artery|
Subclavian artery|Circulatory system|Subclavian artery|
Axillary artery|Circulatory system|Axillary artery|
Brachial artery|Circulatory system|Brachial artery|
Radial artery|Circulatory system|Radial artery|
Ulnar artery|Circulatory system|Ulnar artery|
Descending aorta|Circulatory system|Descending aorta|
Descending thoracic aorta|Circulatory system|Descending thoracic aorta|
Abdominal aorta|Circulatory system|Abdominal aorta|
Internal iliac artery|Circulatory system|Internal iliac artery|
External iliac artery|Circulatory system|External iliac artery|
Femoral artery|Circulatory system|Femoral artery|
Popliteal artery|Circulatory system|Popliteal artery|
Anterior tibial artery|Circulatory system|Anterior tibial artery|
Dorsalis pedis artery|Circulatory system|Dorsalis pedis artery|
Posterior tibial artery|Circulatory system|Posterior tibial artery|
Ascending aorta|Circulatory system|Ascending aorta|
Left coronary artery|Circulatory system|Left coronary artery|
Left anterior descending artery|Circulatory system|Left anterior descending artery|
Right coronary artery|Circulatory system|Right coronary artery|
Circumflex branch of left coronary artery|Circulatory system|Circumflex branch of left coronary artery|
Aortic arch|Circulatory system|Aortic arch|
Brachiocephalic artery|Circulatory system|Brachiocephalic artery|
Vertebral artery|Circulatory system|Vertebral artery|
Internal thoracic artery|Circulatory system|Internal thoracic artery|
Thyrocervical trunk|Circulatory system|Thyrocervical trunk|
Costocervical trunk|Circulatory system|Costocervical trunk|
Transverse cervical artery|Circulatory system|Transverse cervical artery|
Bronchial artery|Circulatory system|Bronchial artery|
Celiac artery|Circulatory system|Celiac artery|
Left gastric artery|Circulatory system|Left gastric artery|
Common hepatic artery|Circulatory system|Common hepatic artery|
Splenic artery|Circulatory system|Splenic artery|
Superior mesenteric artery|Circulatory system|Superior mesenteric artery|
Renal artery|Circulatory system|Renal artery|
Inferior mesenteric artery|Circulatory system|Inferior mesenteric artery|
Common iliac artery|Circulatory system|Common iliac artery|
Deep artery of the thigh|Circulatory system|Deep artery of the thigh|
Fibular artery|Circulatory system|Fibular artery|
Superior thyroid artery|Circulatory system|Superior thyroid artery|
Ascending pharyngeal artery|Circulatory system|Ascending pharyngeal artery|
Posterior meningeal artery|Circulatory system|Posterior meningeal artery|
Inferior tympanic artery|Circulatory system|Inferior tympanic artery|
Lingual artery|Circulatory system|Lingual artery|
Facial artery|Circulatory system|Facial artery|
Ascending palatine artery|Circulatory system|Ascending palatine artery|
Tonsillar branch of the facial artery|Circulatory system|Tonsillar branch of the facial artery|
Submental artery|Circulatory system|Submental artery|
Glandular branches of facial artery|Circulatory system|Glandular branches of facial artery|
Inferior labial artery|Circulatory system|Inferior labial artery|
Superior labial artery|Circulatory system|Superior labial artery|
Nasal septum|Circulatory system|Nasal septum|
Lateral nasal branch of facial artery|Circulatory system|Lateral nasal branch of facial artery|
Angular artery|Circulatory system|Angular artery|
Occipital artery|Circulatory system|Occipital artery|
Sternocleidomastoid branches of occipital artery|Circulatory system|Sternocleidomastoid branches of occipital artery|
Meningeal branch of occipital artery|Circulatory system|Meningeal branch of occipital artery|
Occipital branches of occipital artery|Circulatory system|Occipital branches of occipital artery|
Auricular branch of occipital artery|Circulatory system|Auricular branch of occipital artery|
Descending branch of occipital artery|Circulatory system|Descending branch of occipital artery|
Posterior auricular artery|Circulatory system|Posterior auricular artery|
Stylomastoid artery|Circulatory system|Stylomastoid artery|
Stapedial branch of posterior auricular artery|Circulatory system|Stapedial branch of posterior auricular artery|
Auricular branch of posterior auricular artery|Circulatory system|Auricular branch of posterior auricular artery|
Occipital branch of posterior auricular artery|Circulatory system|Occipital branch of posterior auricular artery|
Superficial temporal artery|Circulatory system|Superficial temporal artery|
Transverse facial artery|Circulatory system|Transverse facial artery|
Middle temporal artery|Circulatory system|Middle temporal artery|
Zygomatico-Orbital artery|Circulatory system|Zygomatico-orbital_artery|
Anterior auricular branches|Circulatory system|Anterior auricular branches|
Maxillary artery|Circulatory system|Maxillary artery|
Anterior tympanic artery|Circulatory system|Anterior tympanic artery|
Deep auricular artery|Circulatory system|Deep auricular artery|
Middle meningeal artery|Circulatory system|Middle meningeal artery|
Superior tympanic artery|Circulatory system|Superior tympanic artery|
Petrosal branch of middle meningeal artery|Circulatory system|Petrosal branch of middle meningeal artery|
Accessory meningeal artery|Circulatory system|Accessory meningeal artery|
Inferior alveolar artery|Circulatory system|Inferior alveolar artery|
Deep temporal arteries|Circulatory system|Deep temporal arteries|
Pterygoid branches of maxillary artery|Circulatory system|Pterygoid branches of maxillary artery|
Masseteric artery|Circulatory system|Masseteric artery|
Buccal artery|Circulatory system|Buccal artery|
Posterior superior alveolar artery|Circulatory system|Posterior superior alveolar artery|
Infraorbital artery|Circulatory system|Infraorbital artery|
Anterior superior alveolar arteries|Circulatory system|Anterior superior alveolar arteries|
Descending palatine artery|Circulatory system|Descending palatine artery|
Greater palatine artery|Circulatory system|Greater palatine artery|
Lesser palatine arteries|Circulatory system|Lesser palatine arteries|
Artery of the pterygoid canal|Circulatory system|Artery of the pterygoid canal|
Sphenopalatine artery|Circulatory system|Sphenopalatine artery|
Posterior septal branches of sphenopalatine artery|Circulatory system|Posterior septal branches of sphenopalatine artery|
Posterior lateral nasal arteries|Circulatory system|Posterior lateral nasal arteries|
Ophthalmic artery|Circulatory system|Ophthalmic artery|
Carotid sinus|Circulatory system|Carotid sinus|
Caroticotympanic arteries|Circulatory system|Caroticotympanic arteries|
Anterior ethmoidal artery|Circulatory system|Anterior ethmoidal artery|
Posterior ethmoidal artery|Circulatory system|Posterior ethmoidal artery|
Lacrimal artery|Circulatory system|Lacrimal artery|
Lateral palpebral arteries|Circulatory system|Lateral palpebral arteries|
Medial palpebral arteries|Circulatory system|Medial palpebral arteries|
Supraorbital artery|Circulatory system|Supraorbital artery|
Supratrochlear artery|Circulatory system|Supratrochlear artery|
Dorsal nasal artery|Circulatory system|Dorsal nasal artery|
Central retinal artery|Circulatory system|Central retinal artery|
Ciliary arteries|Circulatory system|Ciliary arteries|
Short posterior ciliary arteries|Circulatory system|Short posterior ciliary arteries|
Long posterior ciliary arteries|Circulatory system|Long posterior ciliary arteries|
Anterior ciliary arteries|Circulatory system|Anterior ciliary arteries|
Circulus arteriosus major|Circulatory system|Circulus arteriosus major|
Inferior hypophysial artery|Circulatory system|Superior hypophysial artery|
Circle of Willis|Circulatory system|Circle of Willis|
Anterior cerebral artery|Circulatory system|Anterior cerebral artery|
Anterior communicating artery|Circulatory system|Anterior communicating artery|
Recurrent artery of Heubner|Circulatory system|Recurrent artery of Heubner|
Orbitofrontal artery|Circulatory system|Orbitofrontal artery|
Middle cerebral artery|Circulatory system|Middle cerebral artery|
Anterolateral central arteries|Circulatory system|Anterolateral central arteries|
Anterior choroidal artery|Circulatory system|Posterior communicating artery|
Meningeal branches of vertebral artery|Circulatory system|Meningeal branches of vertebral artery|
Posterior spinal artery|Circulatory system|Posterior spinal artery|
Anterior spinal artery|Circulatory system|Anterior spinal artery|
Basilar artery|Circulatory system|Basilar artery|
Pontine arteries|Circulatory system|Pontine arteries|
Labyrinthine artery|Circulatory system|Labyrinthine artery|
Anterior inferior cerebellar artery|Circulatory system|Anterior inferior cerebellar artery|
Superior cerebellar artery|Circulatory system|Superior cerebellar artery|
Posterior inferior cerebellar artery|Circulatory system|Posterior inferior cerebellar artery|
Posterior cerebral artery|Circulatory system|Posterior cerebral artery|
Inferior thyroid artery|Circulatory system|Inferior thyroid artery|
Suprascapular artery|Circulatory system|Suprascapular artery|
Scapular anastomosis|Circulatory system|Scapular anastomosis|
Deep cervical artery|Circulatory system|Deep cervical artery|
Intercostal arteries|Circulatory system|Intercostal arteries|
Pulmonary artery|Circulatory system|Pulmonary artery|
Ligamentum arteriosum|Circulatory system|Ligamentum arteriosum|
Coronary circulation|Circulatory system|Coronary circulation|
Sinoatrial nodal artery|Circulatory system|Sinoatrial nodal artery|
Atrioventricular nodal branch|Circulatory system|Atrioventricular nodal branch|
Atrial branches of coronary arteries|Circulatory system|Atrial branches of coronary arteries|
Right marginal branch of right coronary artery|Circulatory system|Right marginal branch of right coronary artery|
Posterior interventricular artery|Circulatory system|Posterior interventricular artery|
Left marginal artery|Circulatory system|Left marginal artery|
Aortic body|Circulatory system|Aortic body|
Carotid body|Circulatory system|Carotid body|
Thymic branches of internal thoracic artery|Circulatory system|Thymic branches of internal thoracic artery|
Pericardiacophrenic artery|Circulatory system|Pericardiacophrenic artery|
Perforating branches of internal thoracic artery|Circulatory system|Perforating branches of internal thoracic artery|
Superior epigastric artery|Circulatory system|Superior epigastric artery|
Thyroid ima artery|Circulatory system|Thyroid ima artery|
Esophageal branches of thoracic part of aorta|Circulatory system|Esophageal branches of thoracic part of aorta|
Mediastinal branches of thoracic part of aorta|Circulatory system|Mediastinal branches of thoracic part of aorta|
Subcostal arteries|Circulatory system|Subcostal arteries|
Superior phrenic arteries|Circulatory system|Superior phrenic arteries|
Inferior suprarenal artery|Circulatory system|Inferior suprarenal artery|
Middle suprarenal arteries|Circulatory system|Middle suprarenal arteries|
Superior suprarenal artery|Circulatory system|Superior suprarenal artery|
Esophageal branches of left gastric artery|Circulatory system|Esophageal branches of left gastric artery|
Hepatic artery proper|Circulatory system|Hepatic artery proper|
Cystic artery|Circulatory system|Cystic artery|
Right gastric artery|Circulatory system|Right gastric artery|
Gastroduodenal artery|Circulatory system|Gastroduodenal artery|
Right gastroepiploic artery|Circulatory system|Right gastroepiploic artery|
Superior pancreaticoduodenal artery|Circulatory system|Superior pancreaticoduodenal artery|
Supraduodenal artery|Circulatory system|Supraduodenal artery|
Pancreatic branches of splenic artery|Circulatory system|Pancreatic branches of splenic artery|
Greater pancreatic artery|Circulatory system|Greater pancreatic artery|
Dorsal pancreatic artery|Circulatory system|Dorsal pancreatic artery|
Short gastric arteries|Circulatory system|Short gastric arteries|
Left gastroepiploic artery|Circulatory system|Left gastroepiploic artery|
Inferior pancreaticoduodenal artery|Circulatory system|Inferior pancreaticoduodenal artery|
Intestinal arteries|Circulatory system|Intestinal arteries|
Jejunal arteries|Circulatory system|Jejunal arteries|
Ileal arteries|Circulatory system|Ileal arteries|
Arterial arcades|Circulatory system|Arterial arcades|
Vasa recta (Intestines)|Circulatory system|Vasa recta (intestines)|
Ileocolic artery|Circulatory system|Ileocolic artery|
Colic branch of ileocolic artery|Circulatory system|Colic branch of ileocolic artery|
Anterior cecal artery|Circulatory system|Anterior cecal artery|
Posterior cecal artery|Circulatory system|Posterior cecal artery|
Ileal branch of ileocolic artery|Circulatory system|Ileal branch of ileocolic artery|
Appendicular artery|Circulatory system|Appendicular artery|
Right colic artery|Circulatory system|Right colic artery|
Middle colic artery|Circulatory system|Middle colic artery|
Marginal artery of the colon|Circulatory system|Marginal artery of the colon|
Ureteral branches of renal artery|Circulatory system|Ureteral branches of renal artery|
Gonadal artery|Circulatory system|Gonadal artery|
Testicular artery|Circulatory system|Testicular artery|
Ovarian artery|Circulatory system|Ovarian artery|
Lumbar arteries|Circulatory system|Lumbar arteries|
Left colic artery|Circulatory system|Left colic artery|
Sigmoid arteries|Circulatory system|Sigmoid arteries|
Superior rectal artery|Circulatory system|Superior rectal artery|
Iliolumbar artery|Circulatory system|Iliolumbar artery|
Lumbar branch of iliolumbar artery|Circulatory system|Lumbar branch of iliolumbar artery|
Iliac branch of iliolumbar artery|Circulatory system|Iliac branch of iliolumbar artery|
Superior vesical artery|Circulatory system|Superior vesical artery|
Umbilical artery|Circulatory system|Umbilical artery|
Medial umbilical ligament|Circulatory system|Medial umbilical ligament|
Artery to the ductus deferens|Circulatory system|Artery to the ductus deferens|
Obturator artery|Circulatory system|Obturator artery|
Middle rectal artery|Circulatory system|Middle rectal artery|
Uterine artery|Circulatory system|Uterine artery|
Arcuate vessels of uterus|Circulatory system|Arcuate vessels of uterus|
Vaginal branches of uterine artery|Circulatory system|Vaginal branches of uterine artery|
Ovarian branch of uterine artery|Circulatory system|Ovarian branch of uterine artery|
Tubal branch of uterine artery|Circulatory system|Tubal branch of uterine artery|
Spiral artery|Circulatory system|Spiral artery|
Vaginal artery|Circulatory system|Vaginal artery|
Inferior vesical artery|Circulatory system|Inferior vesical artery|
Inferior gluteal artery|Circulatory system|Inferior gluteal artery|
Accompanying artery of ischiadic nerve|Circulatory system|Accompanying artery of ischiadic nerve|
Cruciate anastomosis|Circulatory system|Cruciate anastomosis|
Internal pudendal artery|Circulatory system|Internal pudendal artery|
Inferior rectal artery|Circulatory system|Inferior rectal artery|
Perineal artery|Circulatory system|Perineal artery|
Posterior scrotal arteries|Circulatory system|Posterior scrotal arteries|
Posterior labial arteries|Circulatory system|Posterior labial arteries|
Artery of bulb of penis|Circulatory system|Artery of bulb of penis|
Artery of bulb of vestibule|Circulatory system|Artery of bulb of vestibule|
Urethral artery|Circulatory system|Urethral artery|
Deep artery of the penis|Circulatory system|Deep artery of the penis|
Helicine arteries of penis|Circulatory system|Helicine arteries of penis|
Dorsal artery of the penis|Circulatory system|Dorsal artery of the penis|
Inferior epigastric artery|Circulatory system|Inferior epigastric artery|
Deep circumflex iliac artery|Circulatory system|Deep circumflex iliac artery|
Median sacral artery|Circulatory system|Median sacral artery|
Coccygeal glomus|Circulatory system|Coccygeal glomus|
Superior thoracic artery|Circulatory system|Superior thoracic artery|
Thoracoacromial artery|Circulatory system|Thoracoacromial artery|
Lateral thoracic artery|Circulatory system|Lateral thoracic artery|
Subscapular artery|Circulatory system|Subscapular artery|
Circumflex scapular artery|Circulatory system|Circumflex scapular artery|
Thoracodorsal artery|Circulatory system|Thoracodorsal artery|
Anterior humeral circumflex artery|Circulatory system|Anterior humeral circumflex artery|
Posterior humeral circumflex artery|Circulatory system|Posterior humeral circumflex artery|
Deep artery of arm|Circulatory system|Deep artery of arm|
Radial collateral artery|Circulatory system|Radial collateral artery|
Medial collateral artery|Circulatory system|Medial collateral artery|
Superior ulnar collateral artery|Circulatory system|Superior ulnar collateral artery|
Inferior ulnar collateral artery|Circulatory system|Inferior ulnar collateral artery|
Radial recurrent artery|Circulatory system|Radial recurrent artery|
Dorsal carpal branch of the radial artery|Circulatory system|Dorsal carpal branch of the radial artery|
Dorsal carpal arch|Circulatory system|Dorsal carpal arch|
Palmar carpal branch of radial artery|Circulatory system|Palmar carpal branch of radial artery|
Deep palmar arch|Circulatory system|Deep palmar arch|
Superficial palmar branch of radial artery|Circulatory system|Superficial palmar branch of radial artery|
Princeps pollicis artery|Circulatory system|Princeps pollicis artery|
Radial artery of index finger|Circulatory system|Radial artery of index finger|
Superficial palmar arch|Circulatory system|Superficial palmar arch|
Median artery|Circulatory system|Median artery|
Anterior ulnar recurrent artery|Circulatory system|Anterior ulnar recurrent artery|
Posterior ulnar recurrent artery|Circulatory system|Posterior ulnar recurrent artery|
Common interosseous artery|Circulatory system|Common interosseous artery|
Anterior interosseous artery|Circulatory system|Anterior interosseous artery|
Posterior interosseous artery|Circulatory system|Posterior interosseous artery|
Interosseous recurrent artery|Circulatory system|Interosseous recurrent artery|
Dorsal carpal branch of the ulnar artery|Circulatory system|Dorsal carpal branch of the ulnar artery|
Palmar carpal branch of ulnar artery|Circulatory system|Palmar carpal branch of ulnar artery|
Dorsal metacarpal arteries|Circulatory system|Dorsal metacarpal arteries|
Dorsal digital arteries of hand|Circulatory system|Dorsal digital arteries of hand|
Palmar carpal arch|Circulatory system|Palmar carpal arch|
Common palmar digital arteries|Circulatory system|Common palmar digital arteries|
Proper palmar digital arteries|Circulatory system|Proper palmar digital arteries|
Palmar metacarpal arteries|Circulatory system|Palmar metacarpal arteries|
Cremasteric artery|Circulatory system|Cremasteric artery|
Artery of round ligament of uterus|Circulatory system|Artery of round ligament of uterus|
Superficial epigastric artery|Circulatory system|Superficial epigastric artery|
Superficial circumflex iliac artery|Circulatory system|Superficial circumflex iliac artery|
Superficial external pudendal artery|Circulatory system|Superficial external pudendal artery|
Deep external pudendal artery|Circulatory system|Deep external pudendal artery|
Anterior scrotal arteries|Circulatory system|Anterior scrotal arteries|
Descending genicular artery|Circulatory system|Descending genicular artery|
Medial circumflex femoral artery|Circulatory system|Medial circumflex femoral artery|
Ascending branch of medial circumflex femoral artery|Circulatory system|Ascending branch of medial circumflex femoral artery|
Superficial branch of medial circumflex femoral artery|Circulatory system|Superficial branch of medial circumflex femoral artery|
Deep branch of medial circumflex femoral artery|Circulatory system|Deep branch of medial circumflex femoral artery|
Acetabular branch of medial circumflex femoral artery|Circulatory system|Acetabular branch of medial circumflex femoral artery|
Lateral circumflex femoral artery|Circulatory system|Lateral circumflex femoral artery|
Perforating arteries|Circulatory system|Perforating arteries|
Trochanteric anastomosis|Circulatory system|Trochanteric anastomosis|
Superior genicular arteries|Circulatory system|Superior genicular arteries|
Medial superior genicular artery|Circulatory system|Medial superior genicular artery|
Lateral superior genicular artery|Circulatory system|Lateral superior genicular artery|
Middle genicular artery|Circulatory system|Middle genicular artery|
Inferior genicular arteries|Circulatory system|Inferior genicular arteries|
Medial inferior genicular artery|Circulatory system|Medial inferior genicular artery|
Lateral inferior genicular artery|Circulatory system|Lateral inferior genicular artery|
Sural arteries|Circulatory system|Sural arteries|
Posterior tibial recurrent artery|Circulatory system|Posterior tibial recurrent artery|
Anterior tibial recurrent artery|Circulatory system|Anterior tibial recurrent artery|
Anterior medial malleolar artery|Circulatory system|Anterior medial malleolar artery|
Anterior lateral malleolar artery|Circulatory system|Anterior lateral malleolar artery|
Medial tarsal arteries|Circulatory system|Medial tarsal arteries|
Lateral tarsal artery|Circulatory system|Lateral tarsal artery|
Tibial-Fibular trunk|Circulatory system|Tibial-fibular trunk|
Circumflex fibular artery|Circulatory system|Circumflex fibular artery|
Medial plantar artery|Circulatory system|Medial plantar artery|
Lateral plantar artery|Circulatory system|Lateral plantar artery|
Arcuate artery of the foot|Circulatory system|Arcuate artery of the foot|
Dorsal metatarsal arteries|Circulatory system|Dorsal metatarsal arteries|
First dorsal metatarsal artery|Circulatory system|First dorsal metatarsal artery|
Deep plantar artery|Circulatory system|Deep plantar artery|
Dorsal digital arteries of foot|Circulatory system|Dorsal digital arteries of foot|
Plantar arch|Circulatory system|Plantar arch|
Plantar metatarsal arteries|Circulatory system|Plantar metatarsal arteries|
Common plantar digital arteries|Circulatory system|Common plantar digital arteries|
Proper plantar digital arteries|Circulatory system|Proper plantar digital arteries|
Heart|Circulatory system|Heart|
Arteries|Circulatory system|Artery|
Capillary|Circulatory system|Capillary|
Lymphatic vessels|Circulatory system|Lymphatic vessel|
Lymph node|Circulatory system|Lymph node|
Bone marrow|Circulatory system|Bone marrow|
Thymus|Circulatory system|Thymus|
Spleen|Circulatory system|Spleen|
Gut-Associated lymphoid tissue|Circulatory system|Gut-associated lymphoid tissue|
Tonsils|Circulatory system|Tonsil|
Interstitium|Circulatory system|Interstitium|
Abdominal aortic plexus|Nervous system|Abdominal aortic plexus|
Abducens nerves|Nervous system|Abducens nerve|
Accessory nerve|Nervous system|Accessory nerve|
Accessory obturator nerve|Nervous system|Accessory obturator nerve|
Alderman'S nerve|Nervous system|Auricular branch of vagus nerve|
Anococcygeal nerve|Nervous system|Anococcygeal nerve|
Ansa cervicalis|Nervous system|Ansa cervicalis|
Anterior interosseous nerve|Nervous system|Anterior interosseous nerve|
Anterior superior alveolar nerve|Nervous system|Anterior superior alveolar nerve|
Auerbach'S plexus|Nervous system|Myenteric plexus|
Auriculotemporal nerve|Nervous system|Auriculotemporal nerve|
Axillary nerve|Nervous system|Axillary nerve|
Brachial plexus|Nervous system|Brachial plexus|
Buccal branch of the facial nerve|Nervous system|Buccal branches of the facial nerve|
Buccal nerve|Nervous system|Buccal nerve|
Cardiac plexus|Nervous system|Cardiac plexus|
Cavernous nerves|Nervous system|Cavernous nerves|
Cavernous plexus|Nervous system|Cavernous nerve plexus|
Celiac ganglia|Nervous system|Celiac ganglia|
Cervical branch of the facial nerve|Nervous system|Cervical branch of the facial nerve|
Cervical plexus|Nervous system|Cervical plexus|
Chorda tympani|Nervous system|Chorda tympani|
Ciliary ganglion|Nervous system|Ciliary ganglion|
Coccygeal nerve|Nervous system|Spinal nerve|Coccygeal nerve
Cochlear nerve|Nervous system|Cochlear nerve|
Common fibular nerve|Nervous system|Common peroneal nerve|
Common palmar digital nerves of median nerve|Nervous system|Common palmar digital nerves of median nerve|
Deep branch of the radial nerve|Nervous system|Deep branch of radial nerve|
Deep fibular nerve|Nervous system|Deep peroneal nerve|
Deep petrosal nerve|Nervous system|Deep petrosal nerve|
Deep temporal nerves|Nervous system|Deep temporal nerves|
Diagonal band of broca|Nervous system|Diagonal band of Broca|
Digastric branch of facial nerve|Nervous system|Digastric branch of facial nerve|
Dorsal branch of ulnar nerve|Nervous system|Dorsal branch of ulnar nerve|
Dorsal nerve of clitoris|Nervous system|Dorsal nerve of the clitoris|
Dorsal nerve of the penis|Nervous system|Dorsal nerve of the penis|
Dorsal scapular nerve|Nervous system|Dorsal scapular nerve|
Esophageal plexus|Nervous system|Esophageal plexus|
Ethmoidal nerves|Nervous system|Ethmoidal nerves|
External nasal nerve|Nervous system|External nasal nerve|
Facial nerve|Nervous system|Facial nerve|
Femoral nerve|Nervous system|Femoral nerve|
Frontal nerve|Nervous system|Frontal nerve|
Gastric plexuses|Nervous system|Gastric plexuses|
Geniculate ganglion|Nervous system|Geniculate ganglion|
Genital branch of genitofemoral nerve|Nervous system|Genital branch of genitofemoral nerve|
Genitofemoral nerve|Nervous system|Genitofemoral nerve|
Glossopharyngeal nerve|Nervous system|Glossopharyngeal nerve|
Greater auricular nerve|Nervous system|Great auricular nerve|
Greater occipital nerve|Nervous system|Greater occipital nerve|
Greater petrosal nerve|Nervous system|Greater petrosal nerve|
Hepatic plexus|Nervous system|Hepatic plexus|
Hypoglossal nerve|Nervous system|Hypoglossal nerve|
Iliohypogastric nerve|Nervous system|Iliohypogastric nerve|
Ilioinguinal nerve|Nervous system|Ilioinguinal nerve|
Inferior alveolar nerve|Nervous system|Inferior alveolar nerve|
Inferior anal nerves|Nervous system|Inferior anal nerves|
Inferior cardiac nerve|Nervous system|Inferior cardiac nerve|
Inferior cervical ganglion|Nervous system|Inferior cervical ganglion|
Inferior gluteal nerve|Nervous system|Inferior gluteal nerve|
Inferior hypogastric plexus|Nervous system|Inferior hypogastric plexus|
Inferior mesenteric plexus|Nervous system|Inferior mesenteric plexus|
Inferior palpebral nerve|Nervous system|Inferior palpebral nerve|
Infraorbital nerve|Nervous system|Infraorbital nerve|
Infraorbital plexus|Nervous system|Infraorbital plexus|
Infratrochlear nerve|Nervous system|Infratrochlear nerve|
Intercostal nerves|Nervous system|Intercostal nerves|
Intercostobrachial nerve|Nervous system|Intercostobrachial nerve|
Internal carotid plexus|Nervous system|Internal carotid plexus|
Superior laryngeal nerve|Nervous system|Superior laryngeal nerve|
Interneuron|Nervous system|Interneuron|
Jugular ganglion|Nervous system|Superior ganglion of vagus nerve|
Lacrimal nerve|Nervous system|Lacrimal nerve|
Lateral cord|Nervous system|Lateral cord|
Lateral cutaneous nerve of forearm|Nervous system|Lateral cutaneous nerve of forearm|
Lateral cutaneous nerve of thigh|Nervous system|Lateral cutaneous nerve of thigh|
Lateral pectoral nerve|Nervous system|Lateral pectoral nerve|
Lateral plantar nerve|Nervous system|Lateral plantar nerve|
Lateral pterygoid nerve|Nervous system|Lateral pterygoid nerve|
Lesser occipital nerve|Nervous system|Lesser occipital nerve|
Lingual nerve|Nervous system|Lingual nerve|
Long ciliary nerves|Nervous system|Long ciliary nerves|
Long root of the ciliary ganglion|Nervous system|Roots of the ciliary ganglion|Sensory root
Long thoracic nerve|Nervous system|Long thoracic nerve|
Lower subscapular nerve|Nervous system|Lower subscapular nerve|
Lumbar nerves|Nervous system|Lumbar nerves|
Lumbar plexus|Nervous system|Lumbar plexus|
Lumbar splanchnic nerves|Nervous system|Lumbar splanchnic nerves|
Lumboinguinal nerve|Nervous system|Lumboinguinal nerve|
Lumbosacral plexus|Nervous system|Lumbosacral plexus|
Lumbosacral trunk|Nervous system|Lumbosacral trunk|
Mandibular nerve|Nervous system|Mandibular nerve|
Marginal mandibular branch of facial nerve|Nervous system|Marginal mandibular branch of the facial nerve|
Masseteric nerve|Nervous system|Masseteric nerve|
Maxillary nerve|Nervous system|Maxillary nerve|
Medial cord|Nervous system|Medial cord|
Medial cutaneous nerve of arm|Nervous system|Medial cutaneous nerve of arm|
Medial cutaneous nerve of forearm|Nervous system|Medial cutaneous nerve of forearm|
Anterior cutaneous branches of the femoral nerve|Nervous system|Anterior cutaneous branches of the femoral nerve|
Medial pectoral nerve|Nervous system|Medial pectoral nerve|
Medial plantar nerve|Nervous system|Medial plantar nerve|
Medial pterygoid nerve|Nervous system|Medial pterygoid nerve|
Median nerve|Nervous system|Median nerve|
Meissner'S plexus|Nervous system|Submucosal plexus|
Mental nerve|Nervous system|Mental nerve|
Middle cardiac nerve|Nervous system|Middle cardiac nerve|
Middle cervical ganglion|Nervous system|Middle cervical ganglion|
Middle meningeal nerve|Nervous system|Middle meningeal nerve|
Motor nerve|Nervous system|Motor nerve|
Muscular branches of the radial nerve|Nervous system|Muscular branches of the radial nerve|
Musculocutaneous nerve|Nervous system|Musculocutaneous nerve|
Mylohyoid nerve|Nervous system|Mylohyoid nerve|
Nasociliary nerve|Nervous system|Nasociliary nerve|
Nasopalatine nerve|Nervous system|Nasopalatine nerve|
Nerve of pterygoid canal|Nervous system|Nerve of pterygoid canal|
Nerve to obturator internus|Nervous system|Obturator internus nerve|
Nerve to quadratus femoris|Nervous system|Nerve to quadratus femoris|
Nerve to the piriformis|Nervous system|Piriformis nerve|
Nerve to the stapedius|Nervous system|Nerve to the stapedius|
Nerve to the subclavius|Nervous system|Subclavian nerve|
Nervus intermedius|Nervous system|Intermediate nerve|
Nervus spinosus|Nervous system|Meningeal branch of the mandibular nerve|
Nodose ganglion|Nervous system|Inferior ganglion of vagus nerve|
Obturator nerve|Nervous system|Obturator nerve|
Oculomotor nerve|Nervous system|Oculomotor nerve|
Olfactory nerve|Nervous system|Olfactory nerve|
Ophthalmic nerve|Nervous system|Ophthalmic nerve|
Optic nerve|Nervous system|Optic nerve|
Otic ganglion|Nervous system|Otic ganglion|
Ovarian plexus|Nervous system|Ovarian plexus|
Palatine nerves|Nervous system|Palatine nerves|
Palmar branch of the median nerve|Nervous system|Palmar branch of the median nerve|
Palmar branch of ulnar nerve|Nervous system|Palmar branch of ulnar nerve|
Pancreatic plexus|Nervous system|Pancreatic plexus|
Patellar plexus|Nervous system|Patellar plexus|
Pelvic splanchnic nerves|Nervous system|Pelvic splanchnic nerves|
Perforating cutaneous nerve|Nervous system|Perforating cutaneous nerve|
Perineal branches of posterior femoral cutaneous nerve|Nervous system|Perineal branches of posterior femoral cutaneous nerve|
Perineal nerve|Nervous system|Perineal nerve|
Petrous ganglion|Nervous system|Inferior ganglion of glossopharyngeal nerve|
Pharyngeal branch of vagus nerve|Nervous system|Pharyngeal branch of vagus nerve|
Pharyngeal branches of glossopharyngeal nerve|Nervous system|Pharyngeal branches of glossopharyngeal nerve|
Pharyngeal nerve|Nervous system|Pharyngeal nerve|
Pharyngeal plexus|Nervous system|Pharyngeal plexus of vagus nerve|
Phrenic nerve|Nervous system|Phrenic nerve|
Phrenic plexus|Nervous system|Phrenic plexus|
Posterior auricular nerve|Nervous system|Posterior auricular nerve|
Posterior branch of spinal nerve|Nervous system|Dorsal ramus of spinal nerve|
Posterior cord|Nervous system|Posterior cord|
Posterior cutaneous nerve of arm|Nervous system|Posterior cutaneous nerve of arm|
Posterior cutaneous nerve of forearm|Nervous system|Posterior cutaneous nerve of forearm|
Posterior cutaneous nerve of thigh|Nervous system|Posterior cutaneous nerve of thigh|
Posterior scrotal nerves|Nervous system|Posterior scrotal nerves|
Posterior superior alveolar nerve|Nervous system|Posterior superior alveolar nerve|
Proper palmar digital nerves of median nerve|Nervous system|Proper palmar digital nerves of median nerve|
Prostatic plexus (Nervous)|Nervous system|Prostatic plexus (nervous)|
Pterygopalatine ganglion|Nervous system|Pterygopalatine ganglion|
Pudendal nerve|Nervous system|Pudendal nerve|
Pudendal plexus|Nervous system|Pudendal plexus (nerves)|
Pulmonary branches of vagus nerve|Nervous system|Pulmonary branches of vagus nerve|
Radial nerve|Nervous system|Radial nerve|
Recurrent laryngeal nerve|Nervous system|Recurrent laryngeal nerve|
Renal plexus|Nervous system|Renal plexus|
Sacral plexus|Nervous system|Sacral plexus|
Sacral splanchnic nerves|Nervous system|Sacral splanchnic nerves|
Saphenous nerve|Nervous system|Saphenous nerve|
Sciatic nerve|Nervous system|Sciatic nerve|
Semilunar ganglion|Nervous system|Trigeminal ganglion|
Sensory nerve|Nervous system|Sensory nerve|
Short ciliary nerves|Nervous system|Short ciliary nerves|
Sphenopalatine nerves|Nervous system|Pterygopalatine nerves|
Splenic plexus|Nervous system|Splenic plexus|
Stylohyoid branch of facial nerve|Nervous system|Stylohyoid branch of facial nerve|
Subcostal nerve|Nervous system|Subcostal nerve|
Submandibular ganglion|Nervous system|Submandibular ganglion|
Suboccipital nerve|Nervous system|Suboccipital nerve|
Superficial branch of the radial nerve|Nervous system|Superficial branch of radial nerve|
Superficial fibular nerve|Nervous system|Superficial peroneal nerve|
Superior cardiac nerve|Nervous system|Superior cardiac nerve|
Superior cervical ganglion|Nervous system|Superior cervical ganglion|
Superior ganglion of glossopharyngeal nerve|Nervous system|Superior ganglion of glossopharyngeal nerve|
Superior gluteal nerve|Nervous system|Superior gluteal nerve|
Superior hypogastric plexus|Nervous system|Superior hypogastric plexus|
Superior labial nerve|Nervous system|Superior labial nerve|
Superior lateral cutaneous nerve of arm|Nervous system|Superior lateral cutaneous nerve of arm|
Superior mesenteric plexus|Nervous system|Superior mesenteric plexus|
Superior rectal plexus|Nervous system|Superior rectal plexus|
Supraclavicular nerves|Nervous system|Supraclavicular nerves|
Supraorbital nerve|Nervous system|Supraorbital nerve|
Suprarenal plexus|Nervous system|Suprarenal plexus|
Suprascapular nerve|Nervous system|Suprascapular nerve|
Supratrochlear nerve|Nervous system|Supratrochlear nerve|
Sural nerve|Nervous system|Sural nerve|
Sympathetic trunk|Nervous system|Sympathetic trunk|
Temporal branches of the facial nerve|Nervous system|Temporal branches of the facial nerve|
Third occipital nerve|Nervous system|Third occipital nerve|
Thoracic aortic plexus|Nervous system|Thoracic aortic plexus|
Thoracic splanchnic nerves|Nervous system|Thoracic splanchnic nerves|
Thoraco-Abdominal nerves|Nervous system|Thoraco-abdominal nerves|
Thoracodorsal nerve|Nervous system|Thoracodorsal nerve|
Tibial nerve|Nervous system|Tibial nerve|
Transverse cervical nerve|Nervous system|Transverse cervical nerve|
Trigeminal nerve|Nervous system|Trigeminal nerve|
Trochlear nerve|Nervous system|Trochlear nerve|
Tympanic nerve|Nervous system|Tympanic nerve|
Ulnar nerve|Nervous system|Ulnar nerve|
Upper subscapular nerve|Nervous system|Upper subscapular nerve|
Uterovaginal plexus|Nervous system|Uterovaginal plexus (nerves)|
Vagus nerve|Nervous system|Vagus nerve|
Ventral ramus|Nervous system|Ventral ramus of spinal nerve|
Vesical nervous plexus|Nervous system|Vesical nervous plexus|
Vestibular nerve|Nervous system|Vestibular nerve|
Vestibulocochlear nerve|Nervous system|Vestibulocochlear nerve|
Zygomatic branches of facial nerve|Nervous system|Zygomatic branches of the facial nerve|
Zygomatic nerve|Nervous system|Zygomatic nerve|
Zygomaticofacial nerve|Nervous system|Zygomaticofacial nerve|
Zygomaticotemporal nerve|Nervous system|Zygomaticotemporal nerve|
Brain|Nervous system|Human brain|
Cerebrum|Nervous system|Cerebrum|
Cerebral hemispheres|Nervous system|Cerebral hemisphere|
The brainstem|Nervous system|Diencephalon|
Midbrain|Nervous system|Midbrain|
Pons|Nervous system|Pons|
Medulla oblongata|Nervous system|Medulla oblongata|
Cerebellum|Nervous system|Cerebellum|
Spinal cord|Nervous system|Spinal cord|
Ventricular system|Nervous system|Ventricular system|
Choroid plexus|Nervous system|Choroid plexus|
Nerves|Nervous system|Nerve|
Cranial nerves|Nervous system|Cranial nerves|
Spinal nerves|Nervous system|Spinal nerve|
Ganglia|Nervous system|Ganglion|
Enteric nervous system|Nervous system|Enteric nervous system|
Eye|Nervous system|Human eye|
Cornea|Nervous system|Cornea|
Iris|Nervous system|Iris (anatomy)|
Ciliary body|Nervous system|Ciliary body|
Lens|Nervous system|Lens (anatomy)|
Retina|Nervous system|Retina|
Ear|Nervous system|Ear|
Outer ear|Nervous system|Outer ear|
Earlobe|Nervous system|Earlobe|
Eardrum|Nervous system|Eardrum|
Ossicles|Nervous system|Ossicles|
Inner ear|Nervous system|Inner ear|
Cochlea|Nervous system|Cochlea|
Vestibule of the ear|Nervous system|Vestibule of the ear|
Semicircular canals|Nervous system|Semicircular canals|
Olfactory epithelium|Nervous system|Olfactory epithelium|
Taste buds|Nervous system|Taste bud|
Mammary gland|Integumentary system|Mammary gland|
Human skin|Integumentary system|Human skin|
Subcutaneous tissue|Integumentary system|Subcutaneous tissue|
Nasal cavity|Respiratory system|Nasal cavity|
Pharynx|Respiratory system|Pharynx|
Larynx|Respiratory system|Larynx|
Trachea|Respiratory system|Trachea|
Bronchus|Respiratory system|Bronchus|
Lung|Respiratory system|Lung|
Thoracic diaphragm|Respiratory system|Thoracic diaphragm|
